{
  "timestamp": "2025-11-13T21:53:12.626888",
  "root_file_count": 35,
  "total_size_mb": 656.88343334198,
  "cache_size_mb": 178.61499786376953,
  "documentation_files": 0,
  "utility_scripts": 24,
  "test_pass_rate": 100.0
}